{
    "name": "root",
    "gauges": {
        "RollerAgent.Policy.Entropy.mean": {
            "value": 1.4191923141479492,
            "min": 1.4191923141479492,
            "max": 1.4337809085845947,
            "count": 6
        },
        "RollerAgent.Policy.Entropy.sum": {
            "value": 14186.24609375,
            "min": 14167.0380859375,
            "max": 14412.3662109375,
            "count": 6
        },
        "RollerAgent.Environment.EpisodeLength.mean": {
            "value": 15.32463295269168,
            "min": 12.94832402234637,
            "max": 22.201856148491878,
            "count": 6
        },
        "RollerAgent.Environment.EpisodeLength.sum": {
            "value": 9394.0,
            "min": 9271.0,
            "max": 9569.0,
            "count": 6
        },
        "RollerAgent.Step.mean": {
            "value": 59989.0,
            "min": 9984.0,
            "max": 59989.0,
            "count": 6
        },
        "RollerAgent.Step.sum": {
            "value": 59989.0,
            "min": 9984.0,
            "max": 59989.0,
            "count": 6
        },
        "RollerAgent.Policy.ExtrinsicValueEstimate.mean": {
            "value": 0.7080727815628052,
            "min": 0.2589636743068695,
            "max": 0.7080727815628052,
            "count": 6
        },
        "RollerAgent.Policy.ExtrinsicValueEstimate.sum": {
            "value": 442.54547119140625,
            "min": 113.68505096435547,
            "max": 446.89715576171875,
            "count": 6
        },
        "RollerAgent.Environment.CumulativeReward.mean": {
            "value": 0.7830342577487766,
            "min": 0.29534883720930233,
            "max": 0.7830342577487766,
            "count": 6
        },
        "RollerAgent.Environment.CumulativeReward.sum": {
            "value": 480.0,
            "min": 127.0,
            "max": 485.0,
            "count": 6
        },
        "RollerAgent.Policy.ExtrinsicReward.mean": {
            "value": 0.7830342577487766,
            "min": 0.29534883720930233,
            "max": 0.7830342577487766,
            "count": 6
        },
        "RollerAgent.Policy.ExtrinsicReward.sum": {
            "value": 480.0,
            "min": 127.0,
            "max": 485.0,
            "count": 6
        },
        "RollerAgent.Losses.PolicyLoss.mean": {
            "value": 0.24304234194080757,
            "min": 0.23727995164058915,
            "max": 0.2523555958189002,
            "count": 6
        },
        "RollerAgent.Losses.PolicyLoss.sum": {
            "value": 21.630768432731873,
            "min": 20.94551445296872,
            "max": 21.937389489346952,
            "count": 6
        },
        "RollerAgent.Losses.ValueLoss.mean": {
            "value": 0.03622851596754935,
            "min": 0.03622851596754935,
            "max": 0.06802466492432843,
            "count": 6
        },
        "RollerAgent.Losses.ValueLoss.sum": {
            "value": 3.2243379211118923,
            "min": 3.2243379211118923,
            "max": 5.64604718871926,
            "count": 6
        },
        "RollerAgent.Policy.LearningRate.mean": {
            "value": 2.5255821918501874e-05,
            "min": 2.5255821918501874e-05,
            "max": 0.00027462205665208827,
            "count": 6
        },
        "RollerAgent.Policy.LearningRate.sum": {
            "value": 0.0022477681507466667,
            "min": 0.0022477681507466667,
            "max": 0.022793630702123327,
            "count": 6
        },
        "RollerAgent.Policy.Epsilon.mean": {
            "value": 0.10841857677902621,
            "min": 0.10841857677902621,
            "max": 0.19154068273092373,
            "count": 6
        },
        "RollerAgent.Policy.Epsilon.sum": {
            "value": 9.649253333333332,
            "min": 9.649253333333332,
            "max": 15.897876666666669,
            "count": 6
        },
        "RollerAgent.Policy.Beta.mean": {
            "value": 0.0005000000000000001,
            "min": 0.0005000000000000001,
            "max": 0.0005000000000000001,
            "count": 6
        },
        "RollerAgent.Policy.Beta.sum": {
            "value": 0.04450000000000001,
            "min": 0.04150000000000001,
            "max": 0.04600000000000001,
            "count": 6
        },
        "RollerAgent.IsTraining.mean": {
            "value": 1.0,
            "min": 1.0,
            "max": 1.0,
            "count": 6
        },
        "RollerAgent.IsTraining.sum": {
            "value": 1.0,
            "min": 1.0,
            "max": 1.0,
            "count": 6
        }
    },
    "metadata": {
        "timer_format_version": "0.1.0",
        "start_time_seconds": "1729682476",
        "python_version": "3.10.12 | packaged by Anaconda, Inc. | (main, Jul  5 2023, 19:01:18) [MSC v.1916 64 bit (AMD64)]",
        "command_line_arguments": "D:\\Users\\ad200\\anaconda3\\envs\\mlagents\\Scripts\\mlagents-learn .\\config\\Default.yaml --run-id default",
        "mlagents_version": "1.1.0",
        "mlagents_envs_version": "1.1.0",
        "communication_protocol_version": "1.5.0",
        "pytorch_version": "2.4.1",
        "numpy_version": "1.23.5",
        "end_time_seconds": "1729682830"
    },
    "total": 353.8728301000083,
    "count": 1,
    "self": 0.0092927000077907,
    "children": {
        "run_training.setup": {
            "total": 0.11446899999282323,
            "count": 1,
            "self": 0.11446899999282323
        },
        "TrainerController.start_learning": {
            "total": 353.7490684000077,
            "count": 1,
            "self": 0.35900509954080917,
            "children": {
                "TrainerController._reset_env": {
                    "total": 15.904104699991876,
                    "count": 1,
                    "self": 15.904104699991876
                },
                "TrainerController.advance": {
                    "total": 337.04171650047647,
                    "count": 18084,
                    "self": 0.3068820000917185,
                    "children": {
                        "env_step": {
                            "total": 114.79147080003168,
                            "count": 18084,
                            "self": 68.78012349677738,
                            "children": {
                                "SubprocessEnvManager._take_step": {
                                    "total": 45.80373760274961,
                                    "count": 18084,
                                    "self": 0.8144505039090291,
                                    "children": {
                                        "TorchPolicy.evaluate": {
                                            "total": 44.98928709884058,
                                            "count": 15007,
                                            "self": 44.98928709884058
                                        }
                                    }
                                },
                                "workers": {
                                    "total": 0.2076097005046904,
                                    "count": 18084,
                                    "self": 0.0,
                                    "children": {
                                        "worker_root": {
                                            "total": 337.96751760324696,
                                            "count": 18084,
                                            "is_parallel": true,
                                            "self": 285.5381597034575,
                                            "children": {
                                                "steps_from_proto": {
                                                    "total": 0.00026470000739209354,
                                                    "count": 1,
                                                    "is_parallel": true,